date,visitors
2025-07-01,591
2025-07-02,1026
2025-07-03,807
2025-07-04,366
2025-07-05,576
2025-07-06,1127
2025-07-07,304
2025-07-08,780
2025-07-09,1129
2025-07-10,599
2025-07-11,592
2025-07-12,727
2025-07-13,1136
2025-07-14,741
2025-07-15,820
2025-07-16,798
2025-07-17,1318
2025-07-18,1265
2025-07-19,1011
2025-07-20,935
2025-07-21,1086
2025-07-22,1287
2025-07-23,729
2025-07-24,1131
2025-07-25,548
2025-07-26,689
2025-07-27,1088
2025-07-28,647
2025-07-29,966
2025-07-30,782
2025-07-31,853
2025-08-01,244
2025-08-02,475
2025-08-03,769
2025-08-04,1200
2025-08-05,992
2025-08-06,1005
2025-08-07,1093
2025-08-08,698
2025-08-09,957
2025-08-10,776
2025-08-11,645
2025-08-12,973
2025-08-13,1158
2025-08-14,1042
2025-08-15,914
2025-08-16,1446
2025-08-17,1068
2025-08-18,1263
2025-08-19,1574
2025-08-20,769
2025-08-21,760
2025-08-22,1320
2025-08-23,764
2025-08-24,1002
2025-08-25,1301
2025-08-26,1293
2025-08-27,1455
2025-08-28,1332
2025-08-29,1186
2025-08-30,782
2025-08-31,1182
2025-09-01,1145
2025-09-02,816
2025-09-03,1390
2025-09-04,1189
2025-09-05,968
2025-09-06,907
2025-09-07,749
2025-09-08,1124
2025-09-09,1214
2025-09-10,898
2025-09-11,1268
2025-09-12,717
2025-09-13,491
2025-09-14,1240
2025-09-15,990
2025-09-16,1080
2025-09-17,892
2025-09-18,655
2025-09-19,1229
2025-09-20,800
2025-09-21,1370
2025-09-22,1248
2025-09-23,1030
2025-09-24,828
2025-09-25,836
2025-09-26,674
2025-09-27,1398
2025-09-28,1027
2025-09-29,1310
2025-09-30,806
2025-10-01,1092
2025-10-02,1241
2025-10-03,851
2025-10-04,1149
2025-10-05,735
2025-10-06,738
2025-10-07,1149
2025-10-08,949
2025-10-09,1103
2025-10-10,469
2025-10-11,1058
2025-10-12,1524
2025-10-13,1011
2025-10-14,1050
2025-10-15,1049
2025-10-16,528
2025-10-17,974
2025-10-18,523
2025-10-19,833
2025-10-20,1265
2025-10-21,856
2025-10-22,1094
2025-10-23,1135
2025-10-24,915
2025-10-25,548
2025-10-26,827
2025-10-27,1395
2025-10-28,545
2025-10-29,896
2025-10-30,763
2025-10-31,853
2025-11-01,987
2025-11-02,1227
2025-11-03,877
2025-11-04,1142
2025-11-05,1039
2025-11-06,962
2025-11-07,675
2025-11-08,576
2025-11-09,604
2025-11-10,743
2025-11-11,1007
2025-11-12,1070
2025-11-13,902
2025-11-14,652
2025-11-15,1167
2025-11-16,1155
2025-11-17,807
2025-11-18,730
2025-11-19,907
2025-11-20,1086
2025-11-21,823
2025-11-22,869
2025-11-23,751
2025-11-24,963
2025-11-25,1229
2025-11-26,804
2025-11-27,818
2025-11-28,785
2025-11-29,789
2025-11-30,468
2025-12-01,431
2025-12-02,647
2025-12-03,876
2025-12-04,891
2025-12-05,597
2025-12-06,1014
2025-12-07,732
2025-12-08,834
2025-12-09,816
2025-12-10,856
2025-12-11,913
2025-12-12,849
2025-12-13,504
2025-12-14,1090
2025-12-15,581
2025-12-16,868
2025-12-17,760
2025-12-18,521
2025-12-19,681
2025-12-20,534
2025-12-21,768
2025-12-22,908
2025-12-23,1173
2025-12-24,887
2025-12-25,618
2025-12-26,613
2025-12-27,730
2025-12-28,775
2025-12-29,1144
2025-12-30,1161
2025-12-31,747
2026-01-01,638
2026-01-02,144
2026-01-03,587
2026-01-04,549
2026-01-05,756
2026-01-06,952
2026-01-07,877
2026-01-08,766
2026-01-09,765
2026-01-10,695
2026-01-11,823
2026-01-12,140
2026-01-13,824
2026-01-14,832
2026-01-15,717
2026-01-16,693
2026-01-17,899
2026-01-18,671
2026-01-19,1358
2026-01-20,1059
2026-01-21,880
2026-01-22,772
2026-01-23,749
2026-01-24,570
2026-01-25,810
2026-01-26,964
2026-01-27,1065
2026-01-28,1039
2026-01-29,788
2026-01-30,488
2026-01-31,657
2026-02-01,1218
2026-02-02,1134
2026-02-03,1053
2026-02-04,779
2026-02-05,885
2026-02-06,560
2026-02-07,720
2026-02-08,847
2026-02-09,895
2026-02-10,1221
2026-02-11,674
2026-02-12,734
2026-02-13,573
2026-02-14,610
2026-02-15,969
2026-02-16,664
2026-02-17,1218
2026-02-18,974
2026-02-19,982
2026-02-20,990
2026-02-21,829
2026-02-22,1213
2026-02-23,1017
2026-02-24,1227
2026-02-25,1028
2026-02-26,1075
2026-02-27,1025
2026-02-28,1024
2026-03-01,816
2026-03-02,1200
2026-03-03,1070
2026-03-04,1256
2026-03-05,582
2026-03-06,685
2026-03-07,1094
2026-03-08,1485
2026-03-09,1332
2026-03-10,1035
2026-03-11,789
2026-03-12,1263
2026-03-13,1034
2026-03-14,1188
2026-03-15,1144
2026-03-16,1198
2026-03-17,1879
2026-03-18,1203
2026-03-19,1107
2026-03-20,1067
2026-03-21,971
2026-03-22,1377
2026-03-23,1155
2026-03-24,1408
2026-03-25,1306
2026-03-26,1450
2026-03-27,1225
2026-03-28,871
2026-03-29,906
2026-03-30,1580
2026-03-31,1171
2026-04-01,989
2026-04-02,1070
2026-04-03,1446
2026-04-04,860
2026-04-05,1040
2026-04-06,1156
2026-04-07,1062
2026-04-08,1051
2026-04-09,914
2026-04-10,1096
2026-04-11,1123
2026-04-12,1109
2026-04-13,967
2026-04-14,1640
2026-04-15,1045
2026-04-16,1335
2026-04-17,986
2026-04-18,1372
2026-04-19,1493
2026-04-20,1160
2026-04-21,962
2026-04-22,1511
2026-04-23,1705
2026-04-24,1332
2026-04-25,1278
2026-04-26,1479
2026-04-27,1537
2026-04-28,1218
2026-04-29,1227
2026-04-30,1440
2026-05-01,1221
2026-05-02,1544
2026-05-03,1154
2026-05-04,1543
2026-05-05,1484
2026-05-06,1351
2026-05-07,1571
2026-05-08,1408
2026-05-09,1037
2026-05-10,1454
2026-05-11,1683
2026-05-12,1382
2026-05-13,1326
2026-05-14,1165
2026-05-15,1254
2026-05-16,1408
2026-05-17,1130
2026-05-18,1081
2026-05-19,1323
2026-05-20,1071
2026-05-21,1421
2026-05-22,1156
2026-05-23,863
2026-05-24,1225
2026-05-25,1325
2026-05-26,1495
2026-05-27,1332
2026-05-28,1705
2026-05-29,1124
2026-05-30,1222
2026-05-31,1265
2026-06-01,1291
2026-06-02,1412
2026-06-03,1467
2026-06-04,1572
2026-06-05,875
2026-06-06,1105
2026-06-07,1170
2026-06-08,1540
2026-06-09,1282
2026-06-10,910
2026-06-11,1276
2026-06-12,1191
2026-06-13,1235
2026-06-14,1017
2026-06-15,1689
2026-06-16,1266
2026-06-17,1262
2026-06-18,1034
2026-06-19,969
2026-06-20,901
2026-06-21,1134
2026-06-22,1074
2026-06-23,1764
2026-06-24,862
2026-06-25,957
2026-06-26,1059
2026-06-27,1292
2026-06-28,1103
2026-06-29,1406
2026-06-30,1067
2026-07-01,1263
